First Name,Last Name (Optional),Email,Phone,Role (Admin/Delivery Boy/Driver/Salesman),Username,Password,ZIP Code Group Name (Ref - Zip Codes.csv) (For Salesman Only),ZIP Codes (Comma Seprated ZIP Codes -  Only for Salesman)
Arjit,Gupta,arjit@neervana.net,9904499818,Admin,Arjit,neervana@123,NA,
Rahul,Satpute,rahul@neervana.net,9892607418,Salesman,Rahul,neervana@123,All,
Kanhaiya,Rithadiya,operations@neervana.net,7666622214,Salesman,Kanhaiya,neervana@123,All,
Riya,Sharma,riya@neervana.net,9619151913,Salesman,Riya,neervana@123,All,
Prathmesh,Avate,prathmesh@neervana.net,9930286991,Salesman,Prathmesh,neervana@123,All,
Rahul,Chomiya,operations@neervana.net,8657852788,Salesman,Lucky,neervana@123,SoBo,"400001, 400019, 400025, 400027, 400004, 400010, 400034,400008, 400017, 400011, 400009"
Pankaj,Samriya,pankaj@neervana.net,9967521850,Salesman,Pankaj,neervana@123,SoBo,"400001, 400019, 400025, 400027, 400004, 400010, 400034,400008, 400017, 400011, 400009"
Ranglal,Bihari,operations@neervana.net,7249223952,Delivery Boy,Ranglal,neervana@123,NA,
Manoj,Rithadiya,operations@neervana.net,9619618841,Driver,Manoj,neervana@123,NA,
Kausar,Chaudhari,operations@neervana.net,9984110487,Driver,Kausar,neervana@123,NA,
Sakir,Khan,operations@neervana.net,8657068951,Driver,Sakir,neervana@123,NA,
Jamal,Shaikh,operations@neervana.net,9136329742,Delivery Boy,Jamal,neervana@123,NA,
Babu,,operations@neervana.net,9167909375,Driver,Babu,neervana@123,NA,
Suraj,Chawan,operations@neervana.net,7710993971,Delivery Boy,Suraj,neervana@123,NA,
Anil,,operations@neervana.net,8108751745,Salesman,Anil,neervana@123,SoBo,"400001, 400019, 400025, 400027, 400004, 400010, 400034,400008, 400017, 400011, 400009"
